customer_unique_id,UserID
ffc04aafbf624bd130516cc1d195626a,363
fed3e972045fed1cbe3221a24f812f0b,292
fe44554c4f01285a9320716b894ffec6,482
ffdd1e311843bb858885335ae77bb97a,490
fdf4d1804c3c976a3e766bbb30eb2c32,657
ff86fefe11696b1e957173516339bcd8,702
fdf34099c1c8150b7e542abc8696170b,517
ffd402998b20b0b8325f54e770264733,152
fd0973921b50c01984ebf2202e21b942,3
fe3f5b26ac1f3f88af269e7b7585a8cc,797
fe97a20a987dd0adc99328b52be73c4c,845
fbf209b35bd3488bee6a7131a50daf2d,241
fc0444e91c145f2cbc5c76c0e8f8be4d,964
ffb6123b45cfa6e6ff5ff94d404283b7,296
feec8343e6fa7b201d9d297611f09b9f,468
fe6cae7b4ec50b71fe57349e39e01e4c,819
fc545111108ebc9bf49eb27c828d25fd,169
fec3ef9962f5525487b628a58caf638b,670
fc2b5f19f2fea59761bf4961bc83ada6,49
fe685949aae1ed273aa2e3d7cb0679e1,129
ffc142edc6bce329c6df0006387a5a77,58
ffb2d91ed21974026a30f6ec0b3c934f,735
ff5f63dc004a0f064fc459dc73e45bd1,709
ff9b12e78f7c6c8ad5327b63374c370c,910
ff917c9a5c8153119ba15b468afe1542,752
fed913f2188d98883bf04dd46b214731,477
fcc4973926b235f6a75aa30b0c73ee3d,555
fe5cd18d036c2dff040713e83b728797,355
fe48d57c844190faa13fd5505991bf9e,778
fefffc5e1f105d0b0a395a95dccff067,775
fded88a1576bd3a1383116738e43fb6c,804
fd484f173dc77a79b967a37b9b39067e,280
fd5044339824c03f3b89f398840801a7,764
fef563a3edae5973e455e8536313dd0b,680
fc11f51d09aa42ff0c7e43dfe353d7b1,758
fcb1d4dbf1280abca0cbee998a5a4543,397
fd6be8b946505a1d1a15686ad6073310,707
fb58528ee926d8efe2a87a2c97feae8f,700
fabbe0c74a00c899851dffb2ce70313b,786
fe36ffe7c25e22b2276fd6e9f0056e24,717
fc428b94184167c232ceaffa44fdd152,47
f9e5a8d9200d2b16ff3f1b5049dddfd2,892
fb1f9ea1c9f4f43a71b738cdd9590bb9,879
ff73dbd0440a0f1fac45e49efd6398b4,240
fdab4dca785d25c837988c629b0c4777,863
f982a8f4e3f5bbdff4419db9d9c1ad93,394
fc00da40808e113053d8a26c3e854ccf,907
fb45ef83da61d08113e6bfc6d13b6e0c,95
fd1f8397984d1347b833c49202122cb7,442
f86401d5c7601b37319ee72423d25e92,633
f89f986f723349c377779c8197fa7ce5,249
f9538d66bfe1de92870c834eaa62db8f,971
fa2d1944cfb80777c082a6ef129022a2,824
ff7d3ceb693a77937c000250fe346acd,419
ffd2aac179372f267e7b9186ac7a1bcc,73
fc96b151e3ed7bd7e6794dfe835c19b8,230
f992b70fb02cdfadc277f493997515b7,612
fe0de34bc88412db66c817bd3e3c8d60,318
ffbb8dfaa0e54649d8690b85a3ef890d,235
f8d48674f62ffad2d2a1fc5e0bf483d0,948
fa78790421eaf44ffde16645c700fafe,748
f791bb72858d19fd93fffcf98e6920b3,462
fcfa6e2c4c9029579752f9b10fd1ef97,282
f87e1e47863c08eae742924f0e1d4f38,156
f71ad9e3933eb975539528f2637b4ec8,218
fdcc2c3054549d7a678f512b27a447be,887
f6fb801d4acdbd2a0de39961877dacba,672
fb8b818c46431e02ea475e0324b9c23a,693
f799f3fb6001f51f8230e022db5de1b2,893
f8574b26f55cc99f7a660ce53fe1976b,458
fa287e23d770e58e5ed62e2e56e92229,188
f8bd6b385028d47ff0ab376988bf92a2,922
ff7bd992a7aac2c563a3e3773a8c63aa,41
fe18248c7953f426c0781d33a9730998,877
f7e2054e43a3a027229bf46213a5553b,584
ffcd4b43c08405501a6bf2c66be83e83,825
f6e2c0cdc5cd3baaf61274104bc4e69a,831
ff6bc862428c6016d6fef5995491ec81,22
fdce3a41e2e35d86665f92a3e8c8db65,294
f76b3c1ea5fb8adb4de3f19f7f28f29f,945
faacdd46b0b9bb52cfa047c54b0b5016,539
ff7e7d4a4669fc03606a21eedad169e3,921
ff822e5e1322cef6c211ad8a0591999e,553
ff39c558b8a96573c4d8b8caa0e5168f,586
f8ab5ce36181ece75f0d3187871b2a16,817
fc7e3fe2d8e68979e897570254ee78a1,168
fa1a50742606406cd4022f0da6118598,151
f997fecd6a03ab8b64f9016449ebfe35,383
f55b7e6959225119961d9cf0d867d970,728
f70de0640893e83aa2ec87246ebfcec1,593
f8bc84f159a83e22ee092f005a852475,392
fe4b1359683c4fb8798818b53e21a7d2,34
f9d6fc3d99b55e277263707a46691613,645
f9055b485e8ffaacea73b7306bc9d5bf,896
f6337ff8052f9103de1a04029cb51b0a,838
faf9061dba438077d2066e8e006ca3bb,290
f7e1cc2b8324beb4a8fee3d167939d9e,481
fb7ea0082938fcb1cce5782c4c85d75e,238
fa90b2a9a8f5294a5c2fa9f7101e4e85,332
fcdb597e82074d5a0c89a0087d246332,229
ff3c7cdd41bc2a0f7b667df7951e9e93,449
f7015ee0a647cbe1b7ee001f57593548,516
f6a4e5319e3d15bbec63585801f441ac,998
f52b3f015381151212182228e3e1bd2f,674
fa8c2cfec9eecf82e7f3c3d2dfb0405b,827
fde3aeda04b95e203c93fd658b75f88f,692
fe620e8f77c9a99d0f38a1809f785674,326
fa456d6a84c63b41098ceb060829c8c3,325
f8871d2a167b1a66c7489dbca6a77a8f,159
fd2b82cf81dd79b66d1fdf331ae64a99,469
fdcf4139f50f370c91e8b8f33adde2a6,844
f7418da0b5217827ec706c9c0cd8a886,284
fb25e8d76dcf97d168111563a8b7e4a3,874
f9d4a283e4f19a47b64f95a3235d0a5c,903
f4d97980914a31b67c98665273c3b55d,537
f4a4a12430e3dd14770e4e52866b11db,564
f9fec2635f5a52cfd3ca2d3174fdfc16,398
ffedff0547d809c90c05c2691c51f9b7,124
fc5f419c39af3dfa32edecf16207a41b,549
ff7a3ac150687b7ec36776d06327c576,208
fbb8b4e196ec6cae904ac8fd4ad2168d,828
f6b5eea17ba0d755e5da7a7ef5f37180,474
f5b3798ad9cab199ea4200733fd78040,839
f9a19bbde55fdbb899189f8c71272570,871
fcccbc352ce6661330985bb405e17c5c,860
f97e22610df0ef17c41cf7f3739420da,678
feb5c47a617972ee276d95775a34d494,785
f5b34e3a92b01f98639900fb430f647f,956
fcd1b3631dfdcc9d196732a828830c29,686
fbab43d9deb62df26f3b5b52f5abf48a,915
f4d127bdfb7220ca6326d3420b52446a,133
f54dd65fcb08733a27eb06c09bae39c2,969
f2dbc713948bf46238ef34c068dd6295,914
f9fd88cbf7517eaaa81dfd3250d36014,488
f5a5b725532096dfd2b144adfa62b6ff,203
fceab0ea1003563686037d3ac74081e8,160
fe409671afa7d27f0810554c923fc840,351
f620a1ac071a4759d296a339735307ef,367
fbaeb8c818b319f15bc3123590fdbb08,377
f9315af231753f4f088d7f7b4f38d625,884
f9234780901be852eef63a5750e73e0f,483
fc13e33242b4f5a32f001a9d5873b880,840
f894f5fb7fd28fb5ccacd748bab03613,268
fc1bc473b3506bf107744bfdba070cb2,42
fc5ece674dd332ce15465d90145735f6,287
ff269897083847aeed2570d03fabdafa,569
f6125126569b04bd17e84c0c6207ef76,281
f7e8590591bc95bf247598c854a2b599,533
f754725dc3ae7829e913f88cbf2177c8,950
f67322f65afaf144137b6abdb65c16d6,870
fa3252e1b283ad5fe9d5d43a4a234900,366
f3a5211e8c9c9b9c682929339d3c8ab7,763
f9cf2a1cb2ea5a6ad89011733b2725aa,587
f84489387ae0ef5acd5c8f3b9b695c3f,255
fb8b9c8f55411c927b6584f60d9cbbda,75
f2aebf52e9bb0654f3c31b371a77802a,145
f9450933d6ac3c10355fced7d686b473,279
ff4050535c1351cd0b834ccf1c9d07f1,993
fd0e843308b676214ea30ea480295e3e,551
f549c2fde039497e3f561ce39ffb41c0,146
fd78bd771ac15e7d3f175d0b7b14647a,784
fccbcc554ea15c18c3a0d06f7e4f2bd7,703
f362efb7a720cb6e29d93e4e1248dce1,897
fd85a7641130055820c8a06a919729e0,190
facc087c068e6e5424422d532c1cf738,712
f5a6ec046a795e53329258d7f02feb11,80
f783df68ff9e4bf9c167cdb841bba42d,476
f51845e17fd02051525dd5d76de40ee2,652
fb05684961656c39c375d6ad8608d579,649
fa5575f71720ffde45dfe4d4b35f4211,262
f2e48e534a839b28b599e1e54ee29747,252
f8c35b14155dbda48c971aadbdbc7a27,493
ff3ae96c88f8dfaeffdbd0af958d8dff,947
f55ac7a3b459035c7a6e67c863cdcf5a,620
fbd9ff8bb30d8d02120784083b181d22,440
f10dcb527dc33835e4762d61d618c96e,89
ffde9f4d5007c6675904e26947ba4538,228
fecfa69b67c430f75008d8405b084e3a,622
f62f0994e80e904a9f70e1a7fe8c0b60,981
f4e4f6d079813f9bfe45dc60f1468bb2,729
f64d1d687126db288452aef6b25aad93,104
f6b8ade30e1badff12a6401359092416,688
f41158f81744cfd80d1f65c0f2915d35,99
f6d542c63daee6bf582e288e075a8f32,138
fdd867c6eeeb99e91852bab40a68f6a4,832
faee0f6f040f31e9e064d25557c25fa3,291
f13008d4763602576f19982d96aaf0b1,782
ffa8c46ffe06ca740ae232f5966c5a01,726
f47271b97e3c762367285b497686a3b8,72
f108981245a86b509868e5fc57a3a85c,202
fb98fdc5f7cbfd7fc0e0553becb1e413,285
fbea7ab8f738c5be3768858b5b415087,829
fbe49892ed2dede08af3893415b21eea,408
f5d11e0d479bf2338256109dd7d930b7,604
fa337cd346a1b4a25a37b4ff52a5d79e,963
f739a0a9e3c17e8da3d9620d61c02799,807
fc852bd5ebee87c4c2d0d2b225428494,676
ffba2b15e7a4608fd6ae9aa92f610dc5,949
f4ffa053a9a1db666a87c39fbe416967,131
f31678029fa95b71d2ea307993fba04c,497
f1e4b8a0230391835de08267a0fecdf8,955
f4cd5bc269eca5d2413a8ce49ce755f6,96
fd511ab49ee6756524a20d0db52c5b98,719
f171039a67a78b3d57475168802da70a,153
f5810f067e52b2c6e4f472138f3ca3d8,143
f883c98cb767e658c5b0e92b3ad65285,504
fddd1a070511f8535ebf3054a0baf8bd,638
fdfa1cc68f121149d8fcc27ee96e134c,244
f7e93297cff51baa2ac298bb2d1983f4,522
fdc1353690b8a0895a2faef8c3575cbc,142
f2976a1cdac45e0bb0bfd6699f987460,771
feb4f4ac5cc52822cea09bc4a6687ec5,348
ef79ebde1eb712518ec4e9d8e3bee689,157
f68f6dcac1a7eede9b27479ea3c96c83,447
eec986cd55c7e9216de6c9cbe49979d3,217
f84ff2c65bd8fa3b84df2fccff6e6f8e,265
f38f516467ed61f33e63cfeaedee7054,527
ef89f6e31311594d74becf9e18c73693,232
fb8497fbbc2245f9911574aa498414e7,641
ffee94d548cef05b146d825a7648dab4,958
f3e619dd22c300e005f7d3574e9e0eb6,671
f848cd3245c68b5d3a8f85c40dbf5af8,795
faa7be73dc33b7fba318507355db3f2a,227
f4accba30906b4ca5b972327962ca4f6,810
fbad662de6e9d6dec30dac3a946e05b3,204
f4413b0abc3f43396d1bbb4e1816b6c0,663
f108e9aa9fe624b7e9455423458c5f95,856
fa23588cce04af1826e3a05b8c958606,933
fe950c855187ad86e88c96bfd312c295,63
ff6ee71f9a6270bea52d127c326f28de,766
f34cd460ef8b2c308b4501f0f83e7202,149
fd15d3e876d92b03747f4c3cd48d41d8,976
f4e2749a803a0a9019e6c69bc0e1b2a5,794
f5b0285002cc988e5694855a11a1132d,773
fcbcb15babddb97030bfc22da7b211a9,602
fb72d21d05847399e89c4488f468cc75,78
ffbcd1715dfbead64e1b896044d73c76,174
f78a1d6281b3b4a1542c00bd1d8b503a,715
f72c6460deee2a05cde9d4475a3d973e,27
edd1864079b2d69900cbf5c2bcb931c7,242
ff76c10ea028397daea34c27d06e9ba8,406
f7bfab11680a8205b697f8cc03e28dc0,61
fc48def6616d272114ea092bc8932c1e,81
f9154d20b4b6e7d197df86fe57d72fa6,677
ed7873c58fda3c6516c592b5d3d77f0d,733
ff3d60787113593f975381dc8dc2a8e2,141
fc3eb71ad853ed7f06c762fc78d649cc,911
edc699eb8c0fc6ec7a6ec536382840b3,55
f1e2ee3743f9d0ec522147848b4dc752,880
fe79bf9e428ce68a614bfea7ac8f9004,653
ef55d0259d7b951202afb9c96ad848a7,331
fd93f2eea668441ab945859b206925ff,754
f46233d0effc58fb659e2c7e3afddef3,441
f9a2090a26802e418b4ea39294bcfa98,300
faedbbe182b58bf796b021a37fe5a5f0,704
fba846cf72d115e63aacb0f20be20685,258
f609ef916e0bb82fcc4bf52880b1ca03,297
f090f629be1b7882aaac379b456185b5,960
f73a70138af8debfc92ab98ce85d61e5,665
f341beed3a47d57eb319f376337ec5b3,589
f9173b558b4ca860e33b42a15a9d96d1,683
f10f4af2c01fdf887cdfb02287a334e3,93
f333b56f4ab49b103b57fb5fddcf0eaa,614
ee89ab49264ec7a4b29ddc22671a2784,570
f230d1849c8edb84787aaf2e01aa965a,982
ef313cd19f2c31154a7a95cb25eb3bf4,711
ff6a8e86ea81e48f6ee6b082ed68162a,69
fabb3f467ac63f0cc4e180b0722ac757,499
fa2666e84063ec0bfc0e66b89ed60a08,682
ec51a76768c6654a24541caed2b7a0f3,43
fa8a32304af9e335488c8ddae5f6bbc6,833
fcd5d41028fd2da490248bc304e3b3fc,31
ff27e114922de117301ebe32dcec9ade,425
f231816f0ee9d6c71b97bbc86f393dce,467
f06c24ed55e91c5e13da1a4e56235bad,842
eddcd62347237badf01afb155eaacc1c,554
f0cfb215c2ab08fbf7c3bdc30436ca23,583
eedf0e2e41ac423fb7c71256f96f60ef,536
ed7497adf95561838f932780cbed3868,336
eeeea3e11b9a1e3ce7fccb795bd85c3e,611
efaf98dc52d15316e054c656447c7620,656
ed6fafe11652bd9d6ba577ed8515648b,87
fa626aab80218f17c7c89234114ed10c,112
fc617e1d85eb5f935300c7943f732217,83
fe21f72a3b663deeabf0b9067427cf62,545
f357618bc89705b66a9b7991a10d4f04,56
ef836ad13be593518a94bf148e32c713,485
ee877710f00b0566acd13ec1a6aac8ee,353
f78510c2bc0b6eb2090e349fbfc3adc0,542
f17b1ad764b21ee284cab795b9d9d990,577
fbc55b8c0ca31bec1459c4fc19b70b47,374
eba2e542b6a37aae711332ae396a6902,994
f79825029e2a25c3196ee34f87068317,805
f4d8c17279e9dfc30da6f14ef8b67219,370
f2531c11e66027f63e2f6414c9b2520d,957
ec6e00db55799d23d02c17727b8e0816,429
fb3c613bce3dd56a126ccae1764704e0,792
f78825f3ad88cfa5fb990df83a012f83,110
fdcc768de441d0c0bb9808e62faa4fe3,231
eca1a2e6cd1a843996346d9e7fada34b,438
f25e1c8fd84f68bd027100754df41932,445
fa8761b2e898f2f2bf15c6e4b2ab1f5e,404
f7e5beca3ac37abca5ba791b10c07e02,347
fbb25ad1452fbf7e073a084f8c2cbda6,851
f8ac33ce25aad89ade14c52fac3cc452,92
fb96080f9c84b3a7a70fb99ac286e235,898
f64aac8b568b587bc2133ba53c8a5cfb,762
fcf834ad27782cb081e1e727732e0f37,428
efd2f4f6a5ebfff07943a4a1c80dcf9b,632
f2eeb419fb7bf5b1a9bd49a37a8c651c,187
ea8c650b1f2761afa875981cb490fb16,596
f514fa8c60b510de4c90242e86801717,213
fd17142aa5e36a4021ebc94e9d9b63ff,779
ed7cabe3bc850137484fff02f92a9c1d,354
f02bd933b009db53ed3c79347f36808d,918
f958e704328e40822fe77d7925457e4e,601
ed6923bff4d0397e4f5bb4b64ec97b85,781
eca62bba0746cb0228163ee488fc2467,734
fca0cb4128fc47ff7cbde31768fcb4df,340
f891d90242142ed6bdc6f6be9b3ef4c5,627
f28020de1ea039bf877765196c80d82b,251
ea8a37a119980ee4681e28145b39bb3b,365
fba04af40339d62dac17dd468283cca4,575
eb850184a02cbdeadaaeb17f38c70bf7,74
f1e0492ab6298fe3fbc216c7330d3d2e,783
ff9e81db84e46ebdc0a8d5e42045e9ff,88
f2c2d7a4c309b9fd3374782dc6a4b0aa,923
f8be1ae4c179657645b4bf364865e14c,502
eb465f0f26a21b98e20073a31ccafed0,581
f64bd0c289eeb81ae3b5fe837f2f17c0,19
eb298aa6b37d4851972cd61b24112a6b,916
fe6b113acee46594f596e9d8dce810dc,820
fac269ca43c301f1b3c59350183fb39a,935
faafedb789ff485bf513632e71f468ba,787
f96fba562401ffaedb60f667b56c60d2,431
ea3d952c0a58fb5f6c986c36f0c27931,246
fcab07ead0f666753cacef7321c9c739,276
eb8fe6be6ce6a84ad1ebed509effd13c,576
f30d87665f2b59543a06092e03430a0f,115
f85ab47b8e8c39b7e0f6f941d727e3ab,90
f35b47d4a790459e6d81c85e359cc9dc,519
fc74ebae6cc8ef73fc1bf400ce098c99,747
eb9ea517dad69e487c581e30712034b7,953
ed4293eca45bded8b970b1f7271c84d4,380
ea60f7c43961e965e2ff75be1a0f6378,135
ea5328ebd6d11ae0f0633a5a92554771,343
ffd4cecb7511e2c62b91b165773dc890,826
ee6fd2a856a211c75cb7d55ccd5f4f75,908
e9dc105c3da1d2c71a3540f37385d3f7,661
f44a700751a2a22402899512f696eed2,484
ee991712f3923e8235784bba6695a025,411
fdd7fa582c8fab6e34ac01565a39915b,199
f5dd9e9fb1f73e4f3295625a6d207059,368
fcb28b060a641bcee2ebb44f1041ad46,8
f4dbb8f10ba3f413ec0bbb53c53df483,890
f11451a120b48a5c4c36d3274f0fd80c,926
fef394a45be5ecedfffbe954c878efd3,610
ff511cf694af7d8ac9022660af0346d8,324
ec908f88f9697370ac0892fc38531188,107
f4e6efcdd199b756ecb90fe5df92a84a,849
fb927b0b2ddb2d2bffb5076119a8bc13,857
f1704e9368ddcf1c1236d78616b25d76,33
f32c1aecbcc72c9ca5c43a7956ef7e06,108
fd5163a01357fed89a029737641f90db,900
fe6067bdb6929d8d52ef1264be79fc88,209
f649dbf0af6a71386efaeaf333d1628e,200
f6f0f48f007874212c78d0e801c9a96d,917
f30aca5c2b78d7b1e98ab7e62ef2fe08,25
ff57f8187098025972fce7e36704ab98,430
f8efb2c458c7696b7e70ab9698adddd3,299
f43f9cbf9193975d73ad27716f2c0506,637
ee25697c397816e6431c42ddf920207a,506
fd4f8292fc83deb893dca8bf14542c07,272
f8da29c004aa3dfa209f598153567bdd,226
f2b01ffdd71554a905eea4ea1243a32f,496
fde42227eeb6d3fa7cc8c044fb7b13fa,741
eb3704b505516a05c0fea2e8cca4de56,648
f204f45d5fa1e9e2861fc425dc9016ea,491
f40d7a2c65f23ef07d546aec2414d146,410
f854c65eeb963e338382e85eb1605319,166
f7c9766df2ab3e4ea4eb3e85a92cad95,876
f211894b1985adca8b6866556f7f6aec,511
f223b9bd7465af0a98824f10086c88fb,422
fdfbca7a9186106504d0ae044c968dba,725
ec332007dbe4989e1dbce5f8a1c35abb,812
faa7e7f203cbf27e147b9c293b51872e,588
fab73249cef66d32b0102e3a8dbfbb0e,161
eb99f111a8a404d70e00d492a943dfc2,673
e9a7c645f36f06a855535135f8900fc2,906
f8843ee8151578cf0f7f2679ea859023,756
fd6e77c2cf473f2f20e58c6e917ecacb,862
fad77588817f588c13870073de3a3d26,267
f25c64d74c6188c7fb8d3c58d83c6a85,288
ea1e4054ee2a36bd0d0610a9f79da400,561
ea6a082217695603779c958839cca81f,777
fe81b9d773a871a0c1395922c4357060,727
f874587c1c4e46e9694fa4cec4d9fb4a,375
edec41efae01ffc076d7da660d6edceb,796
fdf983831b2751f645ed24f62f70be6a,127
f081cf0e1afcf6b1996a3efdd9e2c043,512
e8742612a2019589acfc5b9b682fd869,864
e7d6f5cff2438726fe10482cae9c257b,997
fa12682bc91b5d8ec8f36d8c15b86afc,651
fc68ef95253b04014e9b87b1f8f0f8bd,420
ff0d4869d957ba46496a840133691be6,621
f64ada4a21fddbd9cbfe63aadccc6918,757
ea7086ab7cd398da72b160bd0f89b9b9,37
f71d1ce0ca77b13eb4a0909685c1a288,451
fadca717fa2b686cf8ec1b620dc2bacc,941
f474403ed10590a3eda1dc4641525bc7,177
fc7f8eff1ad8ed82b2b7638303882662,531
ee5bb9c5ec9d199a7fa233463df461f0,293
f1059c533da24a49b6996e0e7ac7b48e,314
fdb9d8b9bd90631303587a1f43a631a8,193
eea29992cb52b0661b3d32bbaf76b8f0,13
f43d32aa4e4d4551dce5a9c402b8964a,572
f9b16a10f1fcd2503038ba84eee43b52,868
e889a9b6375dec39fac5c3223b837d8d,940
f4c75f24ead36ce13bbbcac1d11cb253,253
ed65e3fde3b08f3d0561e21a458f4fc0,454
f79d38a140f25ec7457fa5dcb6d05c09,869
f36075d4260ed925c1ac58a72cf6fe4b,259
eb01c4f1f74e013f38a757e6b9da42b1,289
ed1726473f5f6971b27a9870578a0e84,523
e81fded4dcd87376e7d8ff1bc8e01cf8,996
f7e8368486fefb453fc6b54bfdf8b47b,180
ea35a50a1e0ace8f0bdbf340328383c8,904
fe220ee07525dc1f9c8ea2b62d8cbb69,303
e8bad4c2a79ddccbbf052b65d48095b9,437
f4cba1f4ed72d32549c4ebb66e3f84d5,304
f60fe3cb5de099b3055c4cefada6c1c7,21
fb4e9ba4acfdcc51c90e8c32ca90920e,664
f93f951dfd24e965eb3cda042c8e2b12,76
e96d1b49177fb2d417849292cb34f0ff,298
ed2d367a770fb3218c2b37cd4dc26381,2
f51fa7587d5a66e932a62559b501f25e,557
ecadf5653ace14f8ed73e00d54d1e685,600
f74eaed533215c3f83c9a134eeeda378,400
f0097ead71766e874922dd6add3bfc08,668
ea75fb7f0c8d3cee2a7bfbef96074956,164
f7216e0af44584002cfeb7033b46db4a,767
e8c1047360b2fcb40c71a2b8999d5aeb,859
fbbe781ae38067614c92519fe47c10c3,560
f551dfa69b5841d03324de5e84c3af57,316
e68456c20b50779c3bf1bc9fcf46c8ee,439
f9af91ee87f5716f8d3dbc21fcfc33b1,167
ffd2aa973e106c7d7218a960320420bd,412
ef455906af3a580c6f4eb26f74e62b1c,546
ee0441e49d6a79a3b60f0d56ad879175,526
fd4acd9dd42ff70a1b28132163d543e8,991
e97d62ecbf23184875db94c696c9c00a,57
fe22f09401a6af700ab66fac2edbea15,361
ff2ac5ec37484dd6da5b68adbf162bc5,685
e619ed52c7b30be9d83d970795c630a0,305
f9704121a4976d0e50152ac4a3cd39e3,387
ff410d7d636289435fbfb359ab5659cf,77
f76bb65e9f29e3fb131dd3cec3808f1e,122
ef5b6bd043a757cd031b4f43d499a353,619
f1da617b625121656cab1df3a1413bb4,59
fd398d491fbe219c1252de61d7782bc1,82
e6bdbdf539c53839b7d4f4a6a2b6984f,924
ea5f8fd5f416eaeb6e9cce93060f5cc9,983
fc9ec5e6df5a73e3292daf0ab8d590c6,334
f6f38791736ee6db91693a357d62203a,210
f24ca8e0a6f2d24d865cc28b2d662dcc,738
e8c1041e916498bf50ea68017bbe887b,278
fed72e8c40c3e1f6d8596175507ba08f,139
f6ddfb3bf894bb01f499dacb93b7e4b9,248
f8ec2178c6a49d0c21ebd64fac7222d9,866
fd9dafb758ece9cacf97809641848ac8,211
fd6903dff2b9940dc1626ad81049a6a9,20
fdf180e367cbd7c428c5e3f8632568e8,40
fbc08ed5f82398b7ca55498a7c62844d,463
ff0ea66f052f8bbac671885af123b94c,222
ebfa7b208d48a86c037760d5676584b7,695
f567e7fbc8b057e2d275d74ee8b5bc27,403
ff529b441e5bcac64f7850ed9b723079,48
fce2110c3a46dbae270b60645bf932a1,301
e98edc075129cde654f99b61c2dde58e,654
fbfcbb9969287114a9a4757e78f6f807,706
eaf6b569ac88573a2fae00654f624c61,529
f02d645581f44f57678461d0e42f68ef,423
e60c3e8f3984efc7f5107d6aacc98da2,524
eac3ccb24c384e1b34c596a3bd7f947b,434
e4eae0d0e154d460ecd621bd01299426,616
f3f223a3a7f8e32bd4843566e45de8d7,881
ee94c6489208799271238c965bdbd1ac,443
fa50e9e49f5d91746a823b1c0577318c,471
fd9d6e91a2508becbb85ba7e87addcc8,312
f445d4f7f598aaee8f1869d277541e30,79
f638de6be977cee5899a59b29d761f5d,44
fe1304c4f4698b4763212d7a707161a4,598
fd26a250637b67b1ab80793a71e33224,655
e76e647328a9e93ed922d8f39a4bf3eb,875
e4c0b1cb14aa9a7673f6f8732aeea62e,690
e8944655e056e5df9087061401b322bd,599
f93fa04812acec5c7cca35346684c216,666
f54b2ebefa4a4e43e7fcd3b4de96795c,814
e4830071207eb6aa2f738dc965f05f50,854
ee62e466c5dcfbb26ce5ed98dd86c38f,791
ee5404be56619d4488a3212b84bb66d0,850
f25e3bab885e682a8c73321a133d392f,750
eea6e5f01ce486fd7727e0611cdbaacd,489
e890dd153c9d49c005865ccbeba8979e,158
f71ada981403cb12be7003395a258a2f,999
ee61a2265f95add8c381bae180f628c3,11
eba09274717d18bcadb6fbf9dd6558ed,60
ef94319730784638e47138ded9d23014,333
ec80941e64feb489e07144d4c8fcbdc3,15
f832d8f651b17291aa60556ebdbaea2d,776
f9327d26c4b2edbd8bcafa1cf46b1477,134
f99976d1d88d55bc06d73a6067f418d0,52
e7e7d721fbd6e06b5639641d7c653b20,768
e5c6d5e98f3bd80987b6248a9aed517a,338
f8dafbf2639c7ea16883679d48e91291,913
f609af8564851374ca7b2b8a846864dd,311
e5620717bd0eaf156057dc360ee77c7c,432
f1480d98bfaa550680f72d2a3ba86366,699
ffc39051848c3ef2be36d1513aa3ad17,521
e5de9758720581f20662470864b17182,144
ee62d5fbe74028c95e30c8b3ba740c62,372
f2c6cf75c7a7e66f8c32d8a2aaa1885b,86
e5876c7ff7543332a7bd435e1cd90cfe,901
ebf1da06f12c8ce6c97cbdb522307c40,740
ec6ba020d612914fbac92251d0d6b2b5,984
fd48945800d023ec3d37e7a7298f0cb5,650
ee22a003c1dbb35839e3e0af49eab52c,233
eb25b57ed8605aecea925d5680d2a05f,46
f1b17bbda9857396b20b1bd1d7f121cf,501
f21b165d1f860abc928672b05cd46c91,337
f6a553ec911200eec3d9121d0a64bd00,835
f801f71b6e98670a86ad3735144d1b7f,723
f6aeb927ffbbff3838001509bbeb8256,799
ee14cbefb497da66165b32499fc311e2,175
e52200bf2286a9a1ab3a37a45a86b85c,905
f0e8148270bb4c824828dd0c2edaf1ab,580
e6b176f00ad708dab08998ac633b71bb,123
f6e92840fbea6febf6662cbf9616ecbc,625
fc06116082a6e23a21072673c4eb12f3,192
edeacde884816ac5fb6b44e34d3d6bb4,182
e7d711e774569547b95d05ec9e391c4d,790
f9440ee3262032e0f0ea6ab93edad013,275
f0c8f31425355056c902cf77f1125bda,17
f585d84652f28ad66789cd844764385c,550
fe7cac6f25adea52658b24825562eb8f,567
e63b7e65ecb65d0d1624a564fa2c8cff,755
f7d86e04c9c498efc7b73a6a1bd44629,585
e60e61598dc2b22ecd55888be5b5d692,147
f55c546ae0e58f81ec0f3ef080cda181,165
ecb7c122cb9faf3c3441d9ce1b5dd2eb,319
e93551d6d2f692df4c7e723cd9ec24d7,518
ed470f6523c0e96280f8a357a9c4abd0,130
f427987793d5f8ba8a928af16674820b,679
fa74ed50f1a843f0316b5c75666b076e,118
efa386c68ee843c10ab73a3f506b8f7c,415
f8bed9949862a9a3bd41f28806773fed,206
efb1b4b0f014f3126d0a8584bbebea9a,631
e871afa4e0ceafbf190bae09320879bd,492
f214929c86f14b55dd10d7a673028010,970
ebd2896cb0c2b43c9534741b410eebe0,822
fed56335d91e00504eedd73464cbc2b6,662
f473ec6900b2a625150a6849506cd3ed,920
e8178405cd0d9b7ba864a3839f09f12d,595
e5f4c50b9b79024bcf048ad25fa518b6,369
eb80b2c3b253cb2b7e97ec0d542ba0c1,150
eb47ff8b5057b9083f363e947831e696,605
e80951dabdba370df78996bfea330daa,803
fbcb6055939c32e8772445388c64b37a,640
eb0fbfa5630b5176ea4ec7b9b1239473,460
fb98dba63ddb41a7f253e8f590e80107,465
e51f7a0bf2bc5a3fcf6ef18319cd4456,811
f4630c93125ec84a5c6ed702054a507d,256
fa20beaf1f3411121968ce0546c75e06,973
e8cf89d371ef673f688961c989efb877,427
f0f8549456c7e101128f5b9433c81f79,815
faea8d3ca7727a278bf3045a9486eca7,722
f25e14da080915be2362de739fcbaae9,198
fcac370f8a89c8e5a3e38066d624f9d1,67
e76d242fa0f3551b6a0dd8416e6f9426,500
e556b268c7634506fcda88013adc1c82,737
e49c5a8e64db199592cb23a9f50e9e95,125
fed8418e3e633e39d474419dc6932698,264
f6c1370bf0bb1ac2738d710b7d51e595,853
f23d4c0cddca2218c6223ce8bc4cf098,24
f159157758cbe290f9f762321ba673e4,309
f1d66fe354db4b61b1e3e4a02a38a7e7,102
eaf829ee334803be03b248a4002cc189,191
f4e294b108865ee25da71f30a838b8d0,696
f00177dfaaeaca9de3df9e6f2600346f,273
f41211bb7afc0625f4a81ef5adfbf092,237
e839774c9d31569dba47946296e58b33,927
e5877e6bbe49109a9a8832092a18647c,234
ed9c8402e1cc8468004fcb7b04a0a4ad,128
ea73e6215c806926eefe1f2778327913,578
ef52bef059c1a937c54ea492baff2533,959
eefe1ea56c1116469d9f0a77b903a188,444
fdf2ac320bf7064c82c5940346adadaf,30
e3449ad43c76728fa690bc66f7f52b8c,384
fe8d4a61937a1fae6bf734851f6b4c32,51
e8a2dad9972d90985fec118534589519,435
e6613a70e371c0a9bbb4f75b6ed12b5e,538
f831406dac07ac57b7b3b75076d14d67,562
e84e318fa505b77fd51fcc2b2a897f84,260
f0162a1708faaa731771f1255b338a1d,889
f0385ccb64794e5e7cf2d6babc72a2ac,457
f2ab8c03cf28a5407c6181a9042d8ada,12
e3e71c3b7aa717572a4c6f4cb48fe71d,760
f6c872fc6e8c082be05614ad0753c953,475
e332a76173be0bba3419d75a561260b2,974
eb27f2b5427f8233f1122df779c23549,647
ea0f13c388c2ff9af9ed5b5058ebf083,532
f5b9df32337b8d647f0137a9add720e7,23
f5dc277198269046768e02dda2f5e4a7,395
f568bf284601c5bfb1412ef76dbbff77,749
e4aad2610831a21d6884cb9cddde54e7,62
f92274a1d723b69e12ebe707fe0cef02,669
e9a95d0829fc0a115e8cd86ce25a6b12,594
f52f766d6bb4c579b9730851229c50fa,985
f25f4335773e57531fab383b2a86d978,461
f529837b055ca5d7986bd18cfddfe0b9,36
f6b302dfdccd73ddaa8be6c08baea909,421
fdcb38d99ba20bc8fb4176ca1bedd741,742
eea1bc40bab09913676c6fa835116fe8,66
ee4e692108181331c0fa8390d5cb2ec3,436
f1183cf09ab95e0541c02303fd70d744,121
ebbf4018130a768f1d9e632f8d5541b9,424
e6988cb9aa6f4782cb7e387c23763c50,197
e4d322d40ec6ea84923d0cfb50a7eefe,705
ea708470a7a146d85e18e7ed4ceae2b3,626
f72084d0a4d6d5786fb6e25edcf0bdf1,603
ea134de7de1af089905e923b036a7fe4,339
f51c5193cf4a17c47d528e0746ded0fc,393
e50df7c0df2572adfd85379630438712,245
e24408e938e48fdf8f8fea13619d46e9,937
e2db24bab13f5889b53eaa98f1dcefe0,194
f2207c8c0a2d63c365b25afc09d40649,171
f470f4fa4a5dcff794146641d2dfd503,269
e1db3cc0cfe678731c2a8da8495f1b6e,793
fb1287fe3dfd670c2ad053d4219e43e3,613
e5defab6ae60b311ca597ce8f5a66cf9,843
f5dcc1db0e0fcea81a2038579b427da3,590
eba92d13f186ced1cabfca7dff665f4e,708
f7a5c87d48a257302a24cc51e1962d99,558
e5508ff3b3aff36d837ea8f4ade0daff,207
fd863672a78a7a70b8bae63ccbf0a6b3,873
f86bc99f0c79a3a79c74007e3c65eea5,769
e2feae83e7cb814bfd71fa89982a9b16,995
edd8b65865389a453e6d20c69b046ec5,836
eca99c7b0bb707d3f08b027e8994b79e,508
f3ce970b08eea185fb76dabec059457e,1
efe16d03fdc353d0db5d548a5e6b20a5,774
f9aff6564fb2a2972704b3f53954c161,459
f421d42956f76b6a92f28cb57c4690c7,798
f2eb0121c500d1f5cee8f5506c8b1ce7,148
fa6b78ba50ea70e2e80264669223e7cb,16
fa1ea6a8b8c6186ffa4e5e76d82d7c41,391
fadde67cead5460377521cc31ac4c6cd,534
f8b014bf9ac0ee915a9d863256632c18,566
e4254cecb617103766e3384c7d203e2b,163
fba3a5580fc49484fd6a897a579d9e30,321
f4d9ec9a7d7f8ab6869a1c454ca71b51,178
f749589b2efbc75002c13940481bf4cf,498
f92e20f93f305c5cb92806a59f6060f3,402
f0a1a51727e953540b3edfa8e9a9459d,362
e3adfcbfe437714a4f8660e2189171d5,930
fe4dbbc69283bc79bdb2e9836d4fd582,710
fd21e8466f18985b66bb7678b438ed2a,687
e6daf33c992e2b3c73e692b916972ab3,830
e35581ccaba305fc83d0a21aed8f3428,223
e0f8ebd32ca3cf629c40b77227f8e847,618
f512b7cab3f469b1a002b4e0d8d0db86,243
eab7f82ba54c43a6a1cf59a7b3ab69be,591
ea469a0171091a5488127d97decab485,205
fafdadfedbb357305cf1b52d67525795,848
f00c99264fb9ffc45921e4d276e0da00,635
ff57311a2fb5f9aa3477cc13c1c62a50,450
ef50a01aedcfd085ba81c7ec9902a451,644
e1e31ea94bc398a8158ff5e7724fb645,401
e85795c9280a6da16dc81533786c75f6,852
e651d2d81b0b818d1910812d85fa513b,263
f393ee789889eff3f65907da221fa79c,571
f90565e54166a176b1543b72c2efe04f,716
f72e8cad5b4edaa5553fca06933851a8,931
e52284279e234cf8a615273a1fa59846,184
f2e715b2da62fd0d1cd7e41f80ae48f7,713
e79b240559751894db34062c2b93b2d1,989
ee93308f8889d7d12be43a9d18bcb405,38
f085aafcefbb810d27d18da422e15080,344
fdca4eb2884e53458d2122d312141e9b,837
fa57ef337cf4dbb67f82bc1d68c2da1d,310
f3c2af0ce2de48fe64c5746bd88ae871,928
f3a340b1c237f77feb37102cdcb5ea80,478
f2f2077041b4e75c60c05f1c84e3ea9c,623
fa9dd2dff8adf12e53678216566bbef8,720
f7d92c7b7b77cf23e063b408e2ba0bfd,68
fba3a0077e88a03262c36b7f8735cd42,136
fe3328a2839c6bf28faad2463e595ce2,609
e789390d010fbf437d0242e9361609ae,120
e61ed94be587e719814c1416005a5123,225
e52db8b14f1a94725559dc98bca4767f,987
f5f434147aa6cc5a6e7ddfa98c742368,376
eb6032dea9f269982768cc6eed456cc0,636
f45063b55c91096639481d35c820646b,788
f57b7aa3a97c996df00eae480ab7beac,247
fecf3cf03f02912a456993abe971e4fa,942
f96d41697e14b49822f19ed78e50ddef,176
ecd359ab5d9414b7b46fc1fee20d87a6,18
f0313b8b584e00edefff64002051ef59,97
eac0d6a5f0864123464fff8650e03872,961
e81679fc53e010ab48660ef7720d0d1b,909
e2f3fd7f1112dfc9e787517daeeaf87d,634
ea2cf3092f1a6b9641abe79f008ad478,201
e06997bf57442b4ed5d3759d0c19cc0d,885
e665b6116800e2c6a72535bb53dae6ca,315
f9f0bc023adc9ac6a45ba459611d752a,185
f62a0996df666d80d08beff157700026,453
f046f84a8c287e6a00eefdc1982ee360,865
e2d282bbfcdcb3a3155df17479549127,54
ec1a0d4260a3e573def909c95c1dc0c5,388
e2082dc2d75a5928e1368838c56e1f3c,101
faf8998ee937be39f234e0ad9792c1df,119
ec0d14f6ecca05089a0a9e0440d3d8de,330
f1b56b1ab7b11a50740a47cd6ade6715,5
e9e132f365108a6d8aef6a343819c779,452
fc99653b0c5f9d1fb36e3ad3d1accbef,806
e1e34b3fc5879f1fe7c47538ddb346b7,751
fbc6a43c55d022b0705eea269e3e940d,965
fceccc1505da8b7d0366a0f408a48a0c,721
e433513800f5ece11361212094c9b960,818
fd4f4e98908a816ef57a2944e93269a0,71
fa7117ccb301c5c9b792edf911c0b658,503
e350c8445a78561ccd1eb2f7911684b0,507
ef5503ad4aa936ce7306d4f5664c8e31,114
e2534db350214e3db3b4c96519b33a1b,732
f6889049a2801e21211b556690f81590,103
e8d4692a6aec2ab156ad409cd1a72bb7,329
ed1afe47bea70352b2a97c8ca173557e,535
f6abd6353b060d64b10ec5cb3e5ecf16,236
f8e9a0f6695f0531d29500ae65edb9fa,418
ebc070e76fe969c12b42be78c85ce327,473
e8c8fdd0601ead00adacc7679fea8125,946
e3e79b00fec0242e78f6d0bc5a17a15f,486
e96c10f142f3a616d0ec9c73cb3f0a98,7
f5f70d2d2ecdad373475e565639e09fe,902
eac5ee35c6de47292130131a338a514c,472
defbae0ddd4aeca563944124fbcc4bae,4
ee3c65f1864f0d18e222f7bc4d739e69,98
f92b108c8aedfb5e8ad69a540a689209,563
e1f784eb8999151fbeeb85b0c0d1ef2e,357
f31b843c11a4d810ef4517f0fcaca69d,642
e6757d8e7b979dc829cb29c260c22486,658
e21b82d5792a763447fc6a32f9cd29e5,809
fb5d6babfa838e0e487e8263fdb0a124,615
e1b31e3185fb77c15504d0645a7160d5,50
e22ff5af2bb306381a10eabf2ecf05e6,975
e3c0567a8b991a9d812ee91f2650db40,894
fbc2149faf1f9831344c2ed817b8725c,14
faf38ddc706c1f13e8d0dd8db1feb4d8,841
f9dbe8ef6911fa7708aaf13d1be3ad75,335
eb34fb8ca71153273b4beadf0f04111a,988
e89169157aa5b606a9725dbce428fda6,359
fc4962d253f14e566f147fe9ab026575,597
fc6023108d29b5bccb1fa823324b6645,105
ff22de821fd449e50e82f657090da1df,660
ed4d757eb1c0f2e630e0b26723a9f59c,26
fc5a94c2f4b684e5bc59c6860f3893d2,117
f703d3dedc4e095f2e3616f5e33b1467,212
e208ff930dd140b0c1f299292f45a623,986
ed469825455b360a729cd1147dd2a4e5,929
f70768855ce04962155d6c190ee17943,186
f8b3216eb0a8679a6f4c4ac33cc896d3,137
f00feb2d02bbc58957ea2cd1d9b4f815,543
eba8d05a2c2ed3629a2529f2dba8650d,109
e47efe0febf5cbec6ea5456257f96e5a,116
fe81ff9c78d6da14517d341e0881c6a7,765
f4599d96c3dfb16e879ec4bcc0c4f8c8,684
f7797ff55ecdb89dff80ad0ffb2471c1,514
e6f1cccd4050b4ebccc3e5dc9b5993f0,951
e15ae7c3517bba339ef9889a7fd8b1a8,364
fbcf843010000986b1127ff2342d143a,847
ffd2e2ad95719ab7fedc9e02c5e26a62,968
e2bb7de0d49dbfcf65c2e90759b845aa,345
e627a946f4e539a31e1743a053c865d2,972
df3a7e49964d574f8ac3cd7aa64a8819,867
f99053da7416fd6d626451cd49e44e0f,582
fc0749f31ad83e47f68714daa6034e96,356
f019bdb8008924769fe88319cddedda9,530
e2e1fa91f1abd93f5072875ccb808a21,306
f702d3ff30b8cf5083af2bf140043067,173
f68ea95fb5e23cf5b7339307f9d17472,470
ee4203bde8734078a27485ea2b641398,979
eb68e3be1405c884053490873ac49a3d,944
ed51fb992035af8795d5e3130f53dfcf,45
f428eae83e1e7ed9ccd7b74396da62c0,399
f61edbbcef36e53e393bf57e575548b8,85
e33c1e6783d4f961fadade9465a511f5,513
fd14abbc4b4129dc61a98311f174d71b,770
fc55cc53b529023f0c785f21e9b73137,617
df486f450c1381f138211159ea8c650b,548
e9ec2f184c59b9d4681069ade725ecd7,382
eaefa1e081dbc951edfa76cccd68f018,323
e9f90fb4f8b985b9450638226b9543fc,925
ddd57dba46e80a399319a60350ceb9f0,386
faca1f85a0df17b777dd04b08fa3a908,698
ed6b01bdaf7ecb66496234a87ae62bdb,358
e5e19e97afdefa88a01ad43794ac2650,505
feedc42d8c47fd3c611675735b094c54,801
e24fdc72d520d237279a174651401f64,322
df777949458ca20d0979569ac67eae12,846
f04266cecb4cbe61fe2f5b74cef61fca,515
ee22def0cb28095779ec6260f74ef07e,313
f30863f30bf4145a037d5248e24ddc9b,730
f26bb483097107cfa9b58612eb2de424,320
f1e7edf80258211b9acdf919eddeec77,100
e3c80e60689c5ee108d6998a704d4cb1,140
f410c57b5acc16bf3e111eae707d1fa9,155
eb109c6a4004ac42b7eed06ffd6848fd,132
e6b5ad3a28f39ba76606c8d81aa72b27,94
ea6000c52c03ccc5d428a2583d056b09,743
f50132b52a977fc5b57d762b2ad91d4b,39
f4c6d45e65010a466b54a470dbeddfcd,221
dfc8c1b8f452a51070d587e7faec476d,360
f7ec0d219aa7c939a20f3505458b812f,912
ecacfb5d93bc00a03f36729e6e927e36,35
fdb40155ddf2bb93cfee0e0717b6559e,84
e1b2b9adae004eb57aac909c70052727,813
ed652e282b4af5a99363dc82b43751fe,520
f1222bacdff89a25eb29e54eeaabbe6b,456
edbc2f56894c90c51988c7e54779f6aa,29
fb7e8cedfe446e7e20dc61e00e84a722,396
f8fe53da72425fdda7f64542b1e85725,373
fd8abe602ce8ebd7a043782261cb6cda,823
f81b8f53cb470ec7176b5a56fcf40606,800
e52bedf8a615b87f8c6a4cec0cb3a600,216
f16ed8e2ddd5b798116612f2dcf3d523,525
f7a0a121b0e8510a4502915a2ec645da,938
f4c0fd9c4f2d1df9cf5390a404851be7,162
fc9dfb320f6ce4ff0fe46425e6475a0c,195
f772434a342a01aa28231574ca6da383,111
f5b4f2242dc509a136249ac82cb9a285,446
e313d18e7eccf1b7867465ba699aca15,219
e81eebf02a8fd8f8a5b70ee29b40fce3,328
ed0088247394e3f816215b2e178bee14,64
de61dd96a35b5a79020fbb4170b190c6,888
e4f65ad07474de26e437410317ea17d6,448
effa275473e21b5660a4638f7eac7c0d,753
e33dd5546cf38848919c5d693822f5c1,967
e565b42507b50ecf88a9c6c1272940c4,433
fc513937c2f93e7f7918bda3c5ecb6a2,659
e60511f7b1f8fe31832ff8e7391028c7,283
fe13bdee1203b9999677f4a42b9e89c3,607
fb22aca282bff5836a847b923eb6e5c0,608
e968bd44e8f279106a1a9ee32527e5a9,744
e5eb9dba54bf897ae9ed7f99ae6dc6a0,789
f7a9e0b54c684def111b996e73fe6755,891
df204b6638c6e4c4471da0d3201573e6,932
ea9657105a8bd47c0a60e1f2a8f2842d,630
dc995e402b2c0bc50fd6806abc56b662,172
e8ced922ab4b4885607e15b998805e98,606
e6c2d4c0d18521155e20e567476bcbac,952
ef702c59e385cb13bd800b7fb30cc822,544
f6fccceee418fcc63939b6bb5e20128d,342
f496bd3a1bae2e70a700111ba8ee8109,579
f9c599b8db1ae3ed3d8ef52469dd3790,718
fd39eafefd858bd09aeb583cf3c5c38c,189
f3d8a17ce49b710701971367339af8d9,559
ebdb8144ac33f6c6b94813eef593af7e,667
dc7a877363610dcbf790081ca0c0af14,899
ef583977570de5ee4dcb0cb083bde3e1,352
ed70ee444e63fcf427bb3601d89b4057,939
fc28b581e87c66f682395992aaab220d,413
fb439305b7004d4a8eb0e38b2534706d,274
fcd2c511d58e5bb385d0734537fcaf34,65
fc2ee6e4662c1d201c8cc20f2ea247d1,350
ecdf3fcea5ba8b7a68af786d7c089518,886
e979306b1c0ac6147aa6b13b7e0fb28f,1000
f37adfbe44f777acfc64472664dfcbc7,455
dc7ecd02b34189aef2a3ea660a4d61dc,495
fd4fa2fbee6828e5b1f3b5325a53b7de,405
e124b9e1d9b7e2da7851792e2cfd7e90,349
dc2f6d448f03214d0581afd6161c5760,701
f4a0717ef62b420c88035069a1e8c212,327
dd1eb5f0f6f664424242fa0fcba1e276,821
f13b1455570e2ee131c0c69f578e1dd9,977
fa871e15486f566b66214a214b78576a,215
fe966894d60cac0ffa8b1c94e0a7294a,106
ea7a6079b771fa5ee75312be8d7d831d,858
f685c0b25dd0e6e5cc7afe41536f34c7,32
ef3f2c13866aa6f20aa624e13c30a98b,731
ebb7eb966817370dfbd36b7e88b0445f,547
dec7af0cbdae3e0c1a5a85698ac79772,691
fa2f184ba76dabae9b5cd4c5f711b228,724
ee3a4c19170d54f2adf9130df2202045,6
e1ea7d8ad8c1ff3197216e53eaf035c2,992
eb9bd866fb791851de9c7019e7ef7e8e,883
ee4cb494369995430d520027357b9c83,772
df4de4056ce6baf02cddbb9437a748a4,540
e11dc99bd18b0c23b183db07f36639e2,371
e1d0601cd4399d872d59565cb530f7d9,761
ed5b0d9aa093cc966424056ec8c10c4c,878
eb740aafbd79d26cd546c5c094985c4d,407
decf5e95920bb2dc3fe659c102dbbf70,196
f9e561dd457ec515893e8060347388bf,295
f455040fd16df12df2c7c1a953a1c54a,861
ef42d0634eedeca8960208b282f1c6fe,681
dea41840a499c51b45c2ae56fbf76fc7,573
dd029e708cc37a26474bba9aa0e228bf,250
e32f880d3e0df9d66a3ce4f25ac57b47,745
fe0488f131a1e15e7d8debf536015462,714
fcb8d2097cb450f410aa107f9ccb3566,409
fd2950e33648943251be2604ef88b24f,154
f20d03ab638209de28eec4076c1958ae,417
ff49f6b0c8dfd20fb24656481e8b04f6,697
ff3abd34295624eff3905f1a69e6b858,270
f0acddfdbeac2560f9e34b361959db78,53
f3fa438dbccd0fd608c2da289ed8d6be,257
e58f68be7db0566c2110d014e632d2c2,277
f869976a5def51a55de85c6070e3eb26,389
f65f2d54e8e6a91aa53cac37aa04a6cb,286
eca792e3700ecd4974baec86183ca697,220
ea377f7ce3cef6d25691cc1f2e66ef85,341
de5b15b5269883dea3cf95f30cf7fece,414
f7bd1d907f56cef6770f4fad4e46ba1e,629
eee1310e413fb21b3be31e4e80391693,574
f72af50443252851c0521a32af570804,466
fed93a0c58ebbe0a50bad4d8df8863f5,689
f89136f35423a5b6d06137b14a4748c5,739
fe0617cc03bb1fdefeb9e76e7d316548,494
db678ab4525ca9a50338c8dbcad53a17,855
fcdb6edf8d140075cd5d7ef869ab4795,978
f7f030d7f63e03e2c07f1d856c91678a,317
f06dc1c33574bc4dd6225512fcfc3579,565
e9738b45a5906bd7778b089a4ebba74b,834
f331706b29fea47479b577b9c8d221bf,954
e15301f428e7f3779db3030d2b9dcd19,556
ea29c9b677f3d880590c7011ac06314d,390
ddf02ce685fea014fb6620234caa6b37,70
e746ffe09133375bd7a8cd10ddd7c89a,126
f372db7693e8b9df2f201a59b1a15c20,643
f633e7883bdc3236042f72e26e3aa7be,509
e629d342945b71c06114c559dfa37b9b,10
e4ab450a838f528ed7abff0521bb7a49,802
e75f73e5b255db0d9f83439240e7c49d,966
dfb2055755ca66df556ee070592f633b,934
f5136b8fc0ca2d9037d400ec1f196305,962
ea0291d9b2223d0dc3f8d5b48ae2574f,307
fd464dbbea7aad6b4da586ebc96d70ca,882
e44ec325a5775961283c668807c91657,552
db09728be87587f6210a42a587b645cd,541
ff037d42d0344b6729124c5c5fa98e10,628
f6679de1eaaa725bfb50939bccc7a2e8,808
dbebf4c599e762ec3faae60d7e0c2605,346
eb7ca6e58feb6dcdc25fa6250e34bb56,261
f90f98c415a7290412ced4c410a8abfc,943
df580092def28a46b8d75258dc54e0bf,181
f249a8d23948360f537ac2451b171902,239
f4a43aed10040450d0bde1c43026befe,183
e1d025282d785c52497d1ba31d47cb82,480
e019a3baaadcd531fe0d32e1bdb63902,872
ff2f348807a83992e92cf2ead3769a25,816
e7611716b6ae2406161519b0cab2b3ad,990
ea685e36a9dfe8c52fdaf53f045aaec5,271
f72a6b234ff877fd24f7944c3390502b,426
fdf758413e28d6814d97b38cfd3b6f05,385
f17e8c3fd8b2a0e16fa3bd87cc82ba55,28
fd529f754085722c53de23e72091b944,378
e89df4d831207e6db38cd2904568b0d1,308
dae02a2d3984b71fe230f7271925c8a9,379
f1d015367a150dd39299461b7459a555,746
dcc7fb04fd4a19d3099e9f6e505ab08b,895
dec589d17a7f806ea3e1512a4b5fe0fd,464
f7ea3ad9a5dc3051a2a541b2a859dda4,624
dd36e69cff27f07e241826fa79178554,639
f38f6a89176f071acf1bf04782625a25,592
e33bf94a636ee9d4a548c1947a73e417,416
deb80c0c040399f7ea8f47160bc7362b,113
f68f314d91a7d17c907e7d25d94d8b75,224
e72349ea9d80575588369384df6f8250,646
da9c90677b1963eca1cf8a14c338cf6e,980
ddb324b9d7fab6376d67c9939db4c0fc,302
e589d4d8020799284daefe0dbe157d6f,214
dd0256cb773d84d3c3825e046644ec87,381
f069e413035341e757048278bd55ef82,9
d9f94a44ecb88e0d73fd43b158fa2ae9,266
feac24e6d650007c8e500001c8ac04d7,170
ff0a5e4371e4cb283b0415a6821878e8,179
ead5c6583870460b0b2923a707ea263d,759
f9196af0a5aa201ab410e831c6f8ed05,936
dac6f2c77c9577d4f6119f9295ac05a0,254
ee7c8776ca249426d1d17e6d48b622ea,675
df1e76f48d753597c103f21173f85802,528
dfc6fbe8a82cd980a5cf8bd75a9edc8c,510
ec32972bf30cbf84fbdee29e77df0069,487
f65fa2ea14ed9b290d893fa8dc18186f,736
fa99df1c130d029b5cb2077284790259,568
daf8f32d76049be93d30afc42078e6e4,479
fc0bcca3d8d90a812b707bb8e45069d6,694
f814ef761972a5788a621dd7f78ad3cf,91
e33df3ad85a5ef73e5c52ab705c587f7,780
fd9d12a0b2262beda8754daa7072d95a,919
